<?xml version="1.0" encoding="UTF-8"?>
<project-private xmlns="http://www.netbeans.org/ns/project-private/1">
    <editor-bookmarks xmlns="http://www.netbeans.org/ns/editor-bookmarks/2" lastBookmarkId="0"/>
    <open-files xmlns="http://www.netbeans.org/ns/projectui-open-files/2">
        <group>
            <file>file:/C:/Users/guard/Documents/ITAM/2021/Enero-mayo/ED/Examen%20Final/ExamenFinalEsqueleto/ExamenFinalEsqueleto/src/examenfinalesqueleto/LinkedDeque.java</file>
            <file>file:/C:/Users/guard/Documents/ITAM/2021/Enero-mayo/ED/Examen%20Final/ExamenFinalEsqueleto/ExamenFinalEsqueleto/src/examenfinalesqueleto/LinearNode.java</file>
            <file>file:/C:/Users/guard/Documents/ITAM/2021/Enero-mayo/ED/Examen%20Final/ExamenFinalEsqueleto/ExamenFinalEsqueleto/src/examenfinalesqueleto/DequeADT.java</file>
            <file>file:/C:/Users/guard/Documents/ITAM/2021/Enero-mayo/ED/Examen%20Final/ExamenFinalEsqueleto/ExamenFinalEsqueleto/src/examenfinalesqueleto/EmptyDequeException.java</file>
            <file>file:/C:/Users/guard/Documents/ITAM/2021/Enero-mayo/ED/Examen%20Final/ExamenFinalEsqueleto/ExamenFinalEsqueleto/src/examenfinalesqueleto/MainPregunta1.java</file>
            <file>file:/C:/Users/guard/Documents/ITAM/2021/Enero-mayo/ED/Examen%20Final/ExamenFinalEsqueleto/ExamenFinalEsqueleto/src/examenfinalesqueleto/MainPregunta2.java</file>
        </group>
    </open-files>
</project-private>
